{
    "overall": {
        "SI-SDR": -20.97604616650123,
        "SI-SIR": -8.90243856326778,
        "SI-SAR": 3.050030992466154,
        "SD-SDR": -40.68752759088382,
        "SNR": 3.0694739187151145,
        "SRR": -27.6272498266325,
        "SI-SDRi": 2.1632828719640376,
        "SD-SDRi": -16.514528922761734,
        "SNRi": 26.091682990166916,
        "MIX-SI-SDR": -22.393831866221042,
        "MIX-SD-SDR": -22.433947021120687,
        "MIX-SNR": -22.493114410099235
    },
    "vocals": {
        "SI-SDR": -2.288382661540078,
        "SI-SIR": 1.628173353459588,
        "SI-SAR": 1.4237183305587013,
        "SD-SDR": -5.417660898374572,
        "SNR": 1.7216817940194653,
        "SRR": 0.01571450232690164,
        "SI-SDRi": 5.337285047279956,
        "SD-SDRi": 2.5968136377246402,
        "SNRi": 8.842230895029806,
        "MIX-SI-SDR": -6.659912805165761,
        "MIX-SD-SDR": -6.659921657118324,
        "MIX-SNR": -6.717873519220145
    },
    "drums": {
        "SI-SDR": 0.3346115385535375,
        "SI-SIR": 5.434806333047563,
        "SI-SAR": 2.2620575088676924,
        "SD-SDR": -2.5214054025806307,
        "SNR": 2.9092393014938187,
        "SRR": 1.7320223693859584,
        "SI-SDRi": 9.703390256416624,
        "SD-SDRi": 7.225587339457279,
        "SNRi": 12.54889427470798,
        "MIX-SI-SDR": -9.583900333238516,
        "MIX-SD-SDR": -9.583954827033107,
        "MIX-SNR": -9.491701152736269
    },
    "bass": {
        "SI-SDR": -7.404392660926458,
        "SI-SIR": -7.01521852359182,
        "SI-SAR": 6.274024248903024,
        "SD-SDR": -12.71585142434666,
        "SNR": 0.4025647027095053,
        "SRR": -10.555738723974905,
        "SI-SDRi": -5.660917069151386,
        "SD-SDRi": -11.078760488627204,
        "SNRi": 2.1153117865084976,
        "MIX-SI-SDR": -1.5080717717869807,
        "MIX-SD-SDR": -1.5094535677046592,
        "MIX-SNR": -1.566592543694946
    },
    "other": {
        "SI-SDR": -11.617882382588231,
        "SI-SIR": -8.95019972618311,
        "SI-SAR": -6.909769095863264,
        "SD-SDR": -20.032609865581957,
        "SNR": -1.9640118795076753,
        "SRR": -18.819247974370455,
        "SI-SDRi": -7.216475362581155,
        "SD-SDRi": -15.25816941131645,
        "SNRi": 2.585246033920635,
        "MIX-SI-SDR": -4.641946956029784,
        "MIX-SD-SDR": -4.680616969264595,
        "MIX-SNR": -4.716947194447876
    }
}